Delta,G,T_p,bound_sources,boundary_blockers,boundary_bracket_width,boundary_infeasible_margins,boundary_infeasible_sigma,constraint_margins,delta_gain,k,least_squares_nfev,mach,max_abs_scaled_residual,objective_value,ok,pedal_direction,scan_diagnostics,sigma,sigma_interval_lower,sigma_interval_upper,solver_method,support_type
0.4194328365614295,77851.96378425871,3508.737613214325,"{'lower': 'curvature', 'upper': 'curvature'}",[],nan,{},nan,"{'G': 77851.96379425871, 'Tp': 3208.737613214325, 'residual': 9.999982131454103e-09}",-0.010831889825571483,0,4,0.37836746440775443,1.7868545897215817e-14,0.010831889825571483,True,-2.0985046571775356e-05,,-0.05,-0.05,0.05,direct_preferred_endpoint,curvature_lower_supported
0.4038953390509892,66178.07034884677,3519.8029942817193,"{'lower': 'curvature', 'upper': 'curvature'}",[],nan,{},nan,"{'G': 66178.07035884677, 'Tp': 3219.8029942817193, 'residual': 9.999949789001854e-09}",-0.015537497510440312,1,4,0.37224507716407323,5.021099814583614e-14,0.015537497510440312,True,-2.0259278925349733e-05,,-0.1,-0.1,0.0,direct_preferred_endpoint,curvature_lower_supported
0.3841766749121842,53261.03817355734,3532.6624735701976,"{'lower': 'curvature', 'upper': 'curvature'}",[],nan,{},nan,"{'G': 53261.03818355734, 'Tp': 3232.6624735701976, 'residual': 9.999834725797122e-09}",-0.019718664138804964,2,4,0.3640931570871701,1.6527420287908665e-13,0.019718664138804964,True,-1.9356326238284538e-05,,-0.15000000000000002,-0.15000000000000002,-0.05,direct_preferred_endpoint,curvature_lower_supported
0.36088135637103025,40775.88348977872,3547.0352437739293,"{'lower': 'curvature', 'upper': 'curvature'}",[],nan,{},nan,"{'G': 40775.88349977872, 'Tp': 3247.0352437739293, 'residual': 9.999519285975713e-09}",-0.023295318541153964,3,4,0.35411043802699493,4.807140242875609e-13,0.023295318541153964,True,-1.832680589841651e-05,,-0.2,-0.2,-0.10000000000000002,direct_preferred_endpoint,curvature_lower_supported
0.33463861446384047,29827.84621114823,3562.5601510807364,"{'lower': 'curvature', 'upper': 'curvature'}",[],nan,{},nan,"{'G': 29827.84622114823, 'Tp': 3262.5601510807364, 'residual': 9.998808739787236e-09}",-0.02624274190718978,4,4,0.34252339321472425,1.1912602127641188e-12,0.02624274190718978,True,-1.722659448732955e-05,,-0.25,-0.25,-0.15000000000000002,direct_preferred_endpoint,curvature_lower_supported
0.3060453071380498,20918.530978695915,3578.8086128695877,"{'lower': 'curvature', 'upper': 'curvature'}",[],nan,{},nan,"{'G': 20918.530988695915, 'Tp': 3278.8086128695877, 'residual': 9.997330897259198e-09}",-0.028593307325790684,5,4,0.3295746672494417,2.669102740802547e-12,0.028593307325790684,True,-1.6114799864741514e-05,,-0.3,-0.3,-0.2,direct_preferred_endpoint,curvature_lower_supported
0.27560564567883516,14079.283026562374,3595.288921797287,"{'lower': 'curvature', 'upper': 'curvature'}",[],nan,{},nan,"{'G': 14079.283036562374, 'Tp': 3295.288921797287, 'residual': 9.999997798817078e-09}",-0.030439661459214618,6,5,0.31551311921372,2.2011829226467974e-15,0.030439661459214618,True,-1.5056434034432797e-05,,-0.35,-0.35,-0.25,direct_preferred_endpoint,curvature_lower_supported
0.24365254488159915,9059.134134149786,3611.4241570482,"{'lower': 'curvature', 'upper': 'curvature'}",[],nan,{},nan,"{'G': 9059.134144149786, 'Tp': 3311.4241570482, 'residual': 9.999997977138288e-09}",-0.03195310079723601,7,5,0.3005866712259593,2.0228617121296184e-15,0.03195310079723601,True,-1.413695635044121e-05,,-0.39999999999999997,-0.39999999999999997,-0.3,direct_preferred_endpoint,curvature_lower_supported
0.21018820399421645,5486.276442852285,3626.4424908916544,"{'lower': 'curvature', 'upper': 'curvature'}",[],nan,{},nan,"{'G': 5486.276452852285, 'Tp': 3326.4424908916544, 'residual': 9.999998114681106e-09}",-0.033464340887382704,8,5,0.2850402919563353,1.885318894700466e-15,0.033464340887382704,True,-1.352067651283484e-05,,-0.44999999999999996,-0.44999999999999996,-0.35,direct_preferred_endpoint,curvature_lower_supported
0.1742910226444343,2957.001315811227,3638.796062934114,"{'lower': 'sigma_box,curvature', 'upper': 'curvature'}",[],nan,{},nan,"{'G': 2957.001325811227, 'Tp': 3338.796062934114, 'residual': 9.999993633102415e-09}",-0.03589718134978215,9,5,0.2691326288447963,6.3668975847959105e-15,0.03589718134978215,True,-1.3806576485864142e-05,,-0.49999999999999994,-0.49999999999999994,-0.39999999999999997,direct_preferred_endpoint,"sigma_box,curvature_lower_supported"
0.1325247058257486,998.194417350288,3638.067126986704,"{'lower': 'sigma_box', 'upper': 'curvature'}",['residual'],7.450579042611594e-11,"{'G': 998.1944161743772, 'Tp': 3338.0671267601733, 'residual': -1.0000254076292713e-06}",-0.47784194365143773,"{'G': 998.1944273502879, 'Tp': 3338.067126986704, 'residual': -9.999928635126445e-07}",-0.0417663168186857,10,18,0.255358165992994,1.0099928635126444e-06,0.0417663168186857,True,-5.482421317815067e-06,"{'n_scan': 41, 'feasible_count': 23, 'sigma_min': -0.5, 'sigma_max': -0.44999999999999996, 'best_violation': {'sigma': -0.4775, 'ok': True, 'feasible': True, 'objective_value': 0.04126747135984976, 'delta_gain': -0.04126747135984976, 'constraint_violation': 0.0, 'constraint_margins': {'G': 1028.213036907287, 'Tp': 3338.8067533430094, 'residual': 9.998541941727604e-09}, 'max_abs_scaled_residual': 1.4580582723953237e-12, 'least_squares_nfev': 9}, 'best_residual': {'sigma': -0.46249999999999997, 'ok': True, 'feasible': True, 'objective_value': 0.03773450271262324, 'delta_gain': -0.03773450271262324, 'constraint_violation': 0.0, 'constraint_margins': {'G': 1221.1582232275448, 'Tp': 3342.5598047587, 'residual': 9.999998800154297e-09}, 'max_abs_scaled_residual': 1.199845703494368e-15, 'least_squares_nfev': 7}, 'left_endpoint': {'sigma': -0.5, 'ok': True, 'feasible': False, 'objective_value': 0.04297732588378711, 'delta_gain': -0.04297732588378711, 'constraint_violation': 0.0006498339554751656, 'constraint_margins': {'G': 1016.1504438231266, 'Tp': 3341.0024418347525, 'residual': -0.0006498339554751656}, 'max_abs_scaled_residual': 0.0006498439554751657, 'least_squares_nfev': 29}, 'right_endpoint': {'sigma': -0.44999999999999996, 'ok': True, 'feasible': True, 'objective_value': 0.036039794787941615, 'delta_gain': -0.036039794787941615, 'constraint_violation': 0.0, 'constraint_margins': {'G': 1305.8484596253156, 'Tp': 3343.7239798649684, 'residual': 9.997996528818296e-09}, 'max_abs_scaled_residual': 2.003471181703546e-12, 'least_squares_nfev': 6}, 'feasible_sigma_min': -0.4775, 'feasible_sigma_max': -0.44999999999999996, 'best_objective_feasible': {'sigma': -0.4775, 'ok': True, 'feasible': True, 'objective_value': 0.04126747135984976, 'delta_gain': -0.04126747135984976, 'constraint_violation': 0.0, 'constraint_margins': {'G': 1028.213036907287, 'Tp': 3338.8067533430094, 'residual': 9.998541941727604e-09}, 'max_abs_scaled_residual': 1.4580582723953237e-12, 'least_squares_nfev': 9}}",-0.47784194357693194,-0.5,-0.44999999999999996,legacy_scan,residual_supported
0.049653445731154155,405.8523512150332,3661.2143213463737,"{'lower': 'sigma_box', 'upper': 'curvature'}",[],nan,{},nan,"{'G': 405.85236121503317, 'Tp': 3361.2143213463737, 'residual': 9.99973215153023e-09}",-0.08287126009459445,11,12,0.24123544766702978,2.6784846977063716e-13,0.08287126009459445,True,-1.2797123995822446e-05,,-0.5,-0.5,-0.42784194357693195,direct_preferred_endpoint,sigma_box_lower_supported
0.037716282072940865,1067.2597242484137,3674.7308793225025,"{'lower': 'sigma_box', 'upper': 'curvature'}",[],nan,{},nan,"{'G': 1067.2597342484137, 'Tp': 3374.7308793225025, 'residual': 9.999987827853695e-09}",-0.01193716365821329,12,6,0.2283158388956126,1.2172146304753428e-14,0.01193716365821329,True,-1.2541192335735474e-06,,-0.5,-0.5,-0.45,direct_preferred_endpoint,sigma_box_lower_supported
0.031311374905467204,1795.3599656041947,3683.90877167059,"{'lower': 'sigma_box', 'upper': 'curvature'}",[],nan,{},nan,"{'G': 1795.3599756041947, 'Tp': 3383.90877167059, 'residual': 9.999956682647052e-09}",-0.006404907167473661,13,5,0.21630193440299322,4.3317352948003504e-14,0.006404907167473661,True,-9.584194384792966e-07,,-0.5,-0.5,-0.45,direct_preferred_endpoint,sigma_box_lower_supported
0.02684557190773207,2640.2212631367456,3691.3224235333632,"{'lower': 'sigma_box', 'upper': 'curvature'}",[],nan,{},nan,"{'G': 2640.221273136746, 'Tp': 3391.3224235333632, 'residual': 9.999995839177797e-09}",-0.0044658029977351354,14,5,0.20503649548881211,4.1608222023512654e-15,0.0044658029977351354,True,-7.47715616311595e-07,,-0.5,-0.5,-0.45,direct_preferred_endpoint,sigma_box_lower_supported
0.023394746966364455,3642.1471497200337,3697.6308939797814,"{'lower': 'sigma_box', 'upper': 'curvature'}",[],nan,{},nan,"{'G': 3642.147159720034, 'Tp': 3397.6308939797814, 'residual': 9.99962350294526e-09}",-0.003450824941367614,15,4,0.19444117433025251,3.764970547406072e-13,0.003450824941367614,True,-6.067977869061991e-07,,-0.5,-0.5,-0.45,direct_preferred_endpoint,sigma_box_lower_supported
0.02058624440999801,4842.551326429693,3703.118294189184,"{'lower': 'sigma_box', 'upper': 'curvature'}",[],nan,{},nan,"{'G': 4842.551336429693, 'Tp': 3403.118294189184, 'residual': 9.999927800107496e-09}",-0.0028085025563664434,16,4,0.18445841586401626,7.219989250398675e-14,0.0028085025563664434,True,-5.065642687540617e-07,,-0.5,-0.5,-0.45,direct_preferred_endpoint,sigma_box_lower_supported
0.0182306376733421,6288.642691056031,3707.946217423903,"{'lower': 'sigma_box', 'upper': 'curvature'}",[],nan,{},nan,"{'G': 6288.642701056031, 'Tp': 3407.946217423903, 'residual': 9.99997872384286e-09}",-0.002355606736655913,17,4,0.17504070896489193,2.1276157139901632e-14,0.002355606736655913,True,-4.311998149653107e-07,,-0.5,-0.5,-0.45,direct_preferred_endpoint,sigma_box_lower_supported
0.016216724285559092,8036.358535178446,3712.222749157323,"{'lower': 'sigma_box', 'upper': 'curvature'}",[],nan,{},nan,"{'G': 8036.358545178446, 'Tp': 3412.222749157323, 'residual': 9.999991239022225e-09}",-0.002013913387783006,18,4,0.16614700781592456,8.760977776410212e-15,0.002013913387783006,True,-3.7210677072962994e-07,,-0.5,-0.5,-0.45,direct_preferred_endpoint,sigma_box_lower_supported
0.014472477957187646,10153.011096216644,3716.0276204398624,"{'lower': 'sigma_box', 'upper': 'curvature'}",[],nan,{},nan,"{'G': 10153.011106216643, 'Tp': 3416.0276204398624, 'residual': 9.99999615205047e-09}",-0.001744246328371446,19,4,0.15774104723258278,3.8479495312282255e-15,0.001744246328371446,True,-3.243098061211924e-07,,-0.5,-0.5,-0.45,direct_preferred_endpoint,sigma_box_lower_supported
0.01294782207589562,12720.151366178834,3719.423323735269,"{'lower': 'sigma_box', 'upper': 'curvature'}",[],nan,{},nan,"{'G': 12720.151376178834, 'Tp': 3419.423323735269, 'residual': 9.999997834718442e-09}",-0.0015246558812920252,20,4,0.14979035669293453,2.1652815582888677e-15,0.0015246558812920252,True,-2.8474246693832583e-07,,-0.5,-0.5,-0.45,direct_preferred_endpoint,sigma_box_lower_supported
0.01160605251547886,15836.901674128056,3722.460774973102,"{'lower': 'sigma_box', 'upper': 'curvature'}",[],nan,{},nan,"{'G': 15836.901684128055, 'Tp': 3422.460774973102, 'residual': 9.999997552669264e-09}",-0.0013417695604167612,21,4,0.1422655997409926,2.4473307357998136e-15,0.0013417695604167612,True,-2.5140769355225245e-07,,-0.5,-0.5,-0.45,direct_preferred_endpoint,sigma_box_lower_supported
0.01041916009538868,19623.944009323877,3725.1825343081655,"{'lower': 'sigma_box', 'upper': 'curvature'}",[],nan,{},nan,"{'G': 19623.944019323877, 'Tp': 3425.1825343081655, 'residual': 9.999997572461723e-09}",-0.0011868924200901798,22,4,0.13514009276201971,2.4275382776635115e-15,0.0011868924200901798,True,-2.2294243207099385e-07,,-0.5,-0.5,-0.45,direct_preferred_endpoint,sigma_box_lower_supported
0.009365090991410918,24228.34696070363,3727.6248067541665,"{'lower': 'sigma_box', 'upper': 'curvature'}",[],nan,{},nan,"{'G': 24228.34697070363, 'Tp': 3427.6248067541665, 'residual': 9.999997676367018e-09}",-0.0010540691039777617,23,4,0.12838943538030378,2.323632981927923e-15,0.0010540691039777617,True,-1.9837862597071876e-07,,-0.5,-0.5,-0.45,direct_preferred_endpoint,sigma_box_lower_supported
0.008426046886445882,29829.435459787514,3729.8187759773086,"{'lower': 'sigma_box', 'upper': 'curvature'}",[],nan,{},nan,"{'G': 29829.435469787513, 'Tp': 3429.8187759773086, 'residual': 9.999998248511295e-09}",-0.0009390441049650367,24,4,0.12199121652574885,1.7514887049038365e-15,0.0009390441049650367,True,-1.7700510968055028e-07,,-0.5,-0.5,-0.45,direct_preferred_endpoint,sigma_box_lower_supported
0.00758737869831605,36645.94389921369,3731.7915454492363,"{'lower': 'sigma_box', 'upper': 'curvature'}",[],nan,{},nan,"{'G': 36645.943909213696, 'Tp': 3431.7915454492363, 'residual': 9.999999625393039e-09}",-0.0008386681881298319,25,4,0.11592477497218098,3.7460696155096877e-16,0.0008386681881298319,True,-1.5828413646445938e-07,,-0.5,-0.5,-0.45,direct_preferred_endpoint,sigma_box_lower_supported
0.006836837087321523,44944.74210288254,3733.566833374862,"{'lower': 'sigma_box', 'upper': 'curvature'}",[],nan,{},nan,"{'G': 44944.742112882544, 'Tp': 3433.566833374862, 'residual': 9.999996983155282e-09}",-0.0007505416109945262,26,4,0.11017100079047966,3.0168447181854273e-15,0.0007505416109945262,True,-1.4179890550636287e-07,,-0.5,-0.5,-0.45,direct_preferred_endpoint,sigma_box_lower_supported
0.006164046945795754,55051.485427404885,3735.165504710662,"{'lower': 'sigma_box', 'upper': 'curvature'}",[],nan,{},nan,"{'G': 55051.48543740489, 'Tp': 3435.165504710662, 'residual': 9.996604502024913e-09}",-0.0006727901415257698,27,3,0.10471216849042064,3.395497975086884e-12,0.0006727901415257698,True,-1.2721941167193052e-07,,-0.5,-0.5,-0.45,direct_preferred_endpoint,sigma_box_lower_supported
0.005560127838112328,67363.61678401283,3736.605990342034,"{'lower': 'sigma_box', 'upper': 'curvature'}",[],nan,{},nan,"{'G': 67363.61679401284, 'Tp': 3436.605990342034, 'residual': 9.998495887359933e-09}",-0.000603919107683426,28,3,0.09953179526699747,1.5041126400665977e-12,0.000603919107683426,True,-1.1427953938714097e-07,,-0.5,-0.5,-0.45,direct_preferred_endpoint,sigma_box_lower_supported
0.005017412667958521,82366.24235817252,3737.904625060889,"{'lower': 'sigma_box', 'upper': 'curvature'}",[],nan,{},nan,"{'G': 82366.24236817252, 'Tp': 3437.904625060889, 'residual': 9.999376549331847e-09}",-0.0005427151701538069,29,3,0.09461451948784316,6.234506681525318e-13,0.0005427151701538069,True,-1.0276127193620255e-07,,-0.5,-0.5,-0.45,direct_preferred_endpoint,sigma_box_lower_supported
0.004529234349848643,100651.51788221687,3739.075925090062,"{'lower': 'sigma_box', 'upper': 'curvature'}",[],nan,{},nan,"{'G': 100651.51789221687, 'Tp': 3439.075925090062, 'residual': 9.999735901783964e-09}",-0.00048817831810987755,30,3,0.08994599571729427,2.6409821603663074e-13,0.00048817831810987755,True,-9.248354526647518e-08,,-0.5,-0.5,-0.45,direct_preferred_endpoint,sigma_box_lower_supported
0.004089760755821015,122942.32304827635,3740.132819392283,"{'lower': 'sigma_box', 'upper': 'curvature'}",[],nan,{},nan,"{'G': 122942.32305827635, 'Tp': 3440.132819392283, 'residual': 9.999893184040851e-09}",-0.0004394735940276284,31,3,0.08551280340709146,1.0681595914839928e-13,0.0004394735940276284,True,-8.329420064789872e-08,,-0.5,-0.5,-0.45,direct_preferred_endpoint,sigma_box_lower_supported
0.003693864705283989,150121.17362988554,3741.0868447877588,"{'lower': 'sigma_box', 'upper': 'curvature'}",[],nan,{},nan,"{'G': 150121.17363988553, 'Tp': 3441.0868447877588, 'residual': 9.99996598708984e-09}",-0.0003958960505370257,32,3,0.08130236698404243,3.40129101598699e-14,0.0003958960505370257,True,-7.50640662960933e-08,,-0.5,-0.5,-0.45,direct_preferred_endpoint,sigma_box_lower_supported
0.003337019909430028,183265.53099942722,3741.948312171419,"{'lower': 'sigma_box', 'upper': 'curvature'}",[],nan,{},nan,"{'G': 183265.5310094272, 'Tp': 3441.948312171419, 'residual': 9.999954335985386e-09}",-0.0003568447958539611,33,3,0.07730288551803238,4.566401461404852e-14,0.0003568447958539611,True,-6.768251692435001e-08,,-0.5,-0.5,-0.45,direct_preferred_endpoint,sigma_box_lower_supported
0.0030152164924031055,223690.92540584202,3742.7264492654317,"{'lower': 'sigma_box', 'upper': 'curvature'}",[],nan,{},nan,"{'G': 223690.925415842, 'Tp': 3442.7264492654317, 'residual': 9.999950988983984e-09}",-0.0003218034170269224,34,3,0.07350327049945682,4.90110160164587e-14,0.0003218034170269224,True,-6.105409577905618e-08,,-0.5,-0.5,-0.45,direct_preferred_endpoint,sigma_box_lower_supported
0.0027248915264697082,273003.622906564,3743.4295240508472,"{'lower': 'sigma_box', 'upper': 'curvature'}",[],nan,{},nan,"{'G': 273003.622916564, 'Tp': 3443.4295240508472, 'residual': 9.999957682275046e-09}",-0.0002903249659333973,35,3,0.0698930905237846,4.231772495455015e-14,0.0002903249659333973,True,-5.509589495744649e-08,,-0.5,-0.5,-0.45,direct_preferred_endpoint,sigma_box_lower_supported
0.002462871259227395,333164.94881165924,3744.0649520998036,"{'lower': 'sigma_box', 'upper': 'curvature'}",[],nan,{},nan,"{'G': 333164.94882165926, 'Tp': 3444.0649520998036, 'residual': 9.999962552710465e-09}",-0.0002620202672423133,36,3,0.06646252189259931,3.7447289535180375e-14,0.0002620202672423133,True,-4.973550415954264e-08,,-0.5,-0.5,-0.45,direct_preferred_endpoint,sigma_box_lower_supported
0.0022263225751437687,406569.8482617694,3744.6393903558355,"{'lower': 'sigma_box', 'upper': 'curvature'}",[],nan,{},nan,"{'G': 406569.8482717694, 'Tp': 3444.6393903558355, 'residual': 9.999970909588419e-09}",-0.00023654868408362617,37,3,0.06320230430913401,2.9090411581670666e-14,0.00023654868408362617,True,-4.490937643986115e-08,,-0.5,-0.5,-0.45,direct_preferred_endpoint,sigma_box_lower_supported
0.0020127118459773996,496142.8359009871,3745.158819407462,"{'lower': 'sigma_box', 'upper': 'curvature'}",[],nan,{},nan,"{'G': 496142.8359109871, 'Tp': 3445.158819407462, 'residual': 9.999979198691836e-09}",-0.00021361072916636914,38,3,0.0601037009820392,2.0801308165194944e-14,0.00021361072916636914,True,-4.0561511704950703e-08,,-0.5,-0.5,-0.45,direct_preferred_endpoint,sigma_box_lower_supported
0.001819769765135426,605455.1844488016,3745.6286159186834,"{'lower': 'sigma_box', 'upper': 'curvature'}",[],nan,{},nan,"{'G': 605455.1844588015, 'Tp': 3445.6286159186834, 'residual': 9.999980796471668e-09}",-0.0001929420808419735,39,3,0.05715846256128164,1.9203528332217595e-14,0.0001929420808419735,True,-3.664238645839646e-08,,-0.5,-0.5,-0.45,direct_preferred_endpoint,sigma_box_lower_supported
0.0016454610824574445,738868.0543308833,3746.0536165852845,"{'lower': 'sigma_box', 'upper': 'curvature'}",[],nan,{},nan,"{'G': 738868.0543408833, 'Tp': 3446.0536165852845, 'residual': 9.999985995996304e-09}",-0.0001743086826779816,40,3,0.05435879442011567,1.4004003696022122e-14,0.0001743086826779816,True,-3.3108070063292416e-08,,-0.5,-0.5,-0.45,direct_preferred_endpoint,sigma_box_lower_supported
0.0014879583935545337,901707.3076074569,3746.438174755013,"{'lower': 'sigma_box', 'upper': 'curvature'}",[],nan,{},nan,"{'G': 901707.3076174569, 'Tp': 3446.438174755013, 'residual': 9.999991012108014e-09}",-0.00015750268890291075,41,3,0.05169732687113463,8.987891986048936e-15,0.00015750268890291075,True,-2.991949177300057e-08,,-0.5,-0.5,-0.45,direct_preferred_endpoint,sigma_box_lower_supported
0.0013456193156731189,1100477.0210238695,3746.7862106661987,"{'lower': 'sigma_box', 'upper': 'curvature'}",[],nan,{},nan,"{'G': 1100477.0210338696, 'Tp': 3446.7862106661987, 'residual': 9.999989939546999e-09}",-0.00014233907788141487,42,3,0.04916708796570639,1.0060453000454055e-14,0.00014233907788141487,True,-2.704182455737225e-08,,-0.5,-0.5,-0.45,direct_preferred_endpoint,sigma_box_lower_supported
0.0012169665166774646,1343120.2661343412,3747.101256111875,"{'lower': 'sigma_box', 'upper': 'curvature'}",[],nan,{},nan,"{'G': 1343120.2661443413, 'Tp': 3447.101256111875, 'residual': 9.999992666190297e-09}",-0.0001286527989956543,43,3,0.04676147857705421,7.333809702600448e-15,0.0001286527989956543,True,-2.444396374201574e-08,,-0.5,-0.5,-0.45,direct_preferred_endpoint,sigma_box_lower_supported
0.001100670166760187,1639337.621463039,3747.3864942165083,"{'lower': 'sigma_box', 'upper': 'curvature'}",[],nan,{},nan,"{'G': 1639337.621473039, 'Tp': 3447.3864942165083, 'residual': 9.999991820382181e-09}",-0.00011629634991727755,44,3,0.04447424950981,8.179617819367771e-15,0.00011629634991727755,True,-2.2098082919086437e-08,,-0.5,-0.5,-0.45,direct_preferred_endpoint,sigma_box_lower_supported
0.000995532462154891,2000976.198692474,3747.6447949140584,"{'lower': 'sigma_box', 'upper': 'curvature'}",[],nan,{},nan,"{'G': 2000976.1987024741, 'Tp': 3447.6447949140584, 'residual': 9.999994993359217e-09}",-0.00010513770460529592,45,3,0.042299480414584846,5.006640782265031e-15,0.00010513770460529592,True,-1.997925358487862e-08,,-0.5,-0.5,-0.45,direct_preferred_endpoint,sigma_box_lower_supported
0.000900473932343715,2442504.794904338,3747.8787466343933,"{'lower': 'sigma_box', 'upper': 'curvature'}",[],nan,{},nan,"{'G': 2442504.7949143383, 'Tp': 3447.8787466343933, 'residual': 9.999998986954498e-09}",-9.505852981117613e-05,46,3,0.04023156031616397,1.0130455023621956e-15,9.505852981117613e-05,True,-1.8065114293364104e-08,,-0.5,-0.5,-0.45,direct_preferred_endpoint,sigma_box_lower_supported
0.0008145212913188704,2981594.2395483027,3748.0906846370235,"{'lower': 'sigma_box', 'upper': 'curvature'}",[],nan,{},nan,"{'G': 2981594.239558303, 'Tp': 3448.0906846370235, 'residual': 9.99999868282941e-09}",-8.595264102484457e-05,47,3,0.03826516958934906,1.317170590918405e-15,8.595264102484457e-05,True,-1.6335585106830308e-08,,-0.5,-0.5,-0.45,direct_preferred_endpoint,sigma_box_lower_supported
0.0007367966325264597,3639826.2267890754,3748.2827163737547,"{'lower': 'sigma_box', 'upper': 'curvature'}",[],nan,{},nan,"{'G': 3639826.2267990755, 'Tp': 3448.2827163737547, 'residual': 9.999998996627786e-09}",-7.772465879241075e-05,48,3,0.03639526323801522,1.003372213228832e-15,7.772465879241075e-05,True,-1.4772619127967346e-08,,-0.5,-0.5,-0.45,direct_preferred_endpoint,sigma_box_lower_supported
0.0006665077985095191,4443559.080645155,3748.4567442132966,"{'lower': 'sigma_box', 'upper': 'curvature'}",[],nan,{},nan,"{'G': 4443559.080655155, 'Tp': 3448.4567442132966, 'residual': 9.999995239734369e-09}",-7.028883401694053e-05,49,3,0.034617055351275634,4.760265631906434e-15,7.028883401694053e-05,True,-1.3359982231619938e-08,,-0.5,-0.5,-0.45,direct_preferred_endpoint,sigma_box_lower_supported
